date_dim_id;date;monthday;weekday;week;month;quarter;year
1;2015-01-01;1;Thursday;1;January;1;2015
2;2015-01-02;2;Friday;1;January;1;2015
3;2015-01-03;3;Saturday;1;January;1;2015
4;2015-01-04;4;Sunday;2;January;1;2015
5;2015-01-05;5;Monday;2;January;1;2015
6;2015-01-06;6;Tuesday;2;January;1;2015
7;2015-01-07;7;Wednesday;2;January;1;2015
8;2015-01-08;8;Thursday;2;January;1;2015
9;2015-01-09;9;Friday;2;January;1;2015
10;2015-01-10;10;Saturday;2;January;1;2015
11;2015-01-11;11;Sunday;3;January;1;2015
12;2015-01-12;12;Monday;3;January;1;2015
13;2015-01-13;13;Tuesday;3;January;1;2015
14;2015-01-14;14;Wednesday;3;January;1;2015
15;2015-01-15;15;Thursday;3;January;1;2015
16;2015-01-16;16;Friday;3;January;1;2015
17;2015-01-17;17;Saturday;3;January;1;2015
18;2015-01-18;18;Sunday;4;January;1;2015
19;2015-01-19;19;Monday;4;January;1;2015
20;2015-01-20;20;Tuesday;4;January;1;2015
21;2015-01-21;21;Wednesday;4;January;1;2015
22;2015-01-22;22;Thursday;4;January;1;2015
23;2015-01-23;23;Friday;4;January;1;2015
24;2015-01-24;24;Saturday;4;January;1;2015
25;2015-01-25;25;Sunday;5;January;1;2015
26;2015-01-26;26;Monday;5;January;1;2015
27;2015-01-27;27;Tuesday;5;January;1;2015
28;2015-01-28;28;Wednesday;5;January;1;2015
29;2015-01-29;29;Thursday;5;January;1;2015
30;2015-01-30;30;Friday;5;January;1;2015
31;2015-01-31;31;Saturday;5;January;1;2015
32;2015-02-01;1;Sunday;6;February;1;2015
33;2015-02-02;2;Monday;6;February;1;2015
34;2015-02-03;3;Tuesday;6;February;1;2015
35;2015-02-04;4;Wednesday;6;February;1;2015
36;2015-02-05;5;Thursday;6;February;1;2015
37;2015-02-06;6;Friday;6;February;1;2015
38;2015-02-07;7;Saturday;6;February;1;2015
39;2015-02-08;8;Sunday;7;February;1;2015
40;2015-02-09;9;Monday;7;February;1;2015
41;2015-02-10;10;Tuesday;7;February;1;2015
42;2015-02-11;11;Wednesday;7;February;1;2015
43;2015-02-12;12;Thursday;7;February;1;2015
44;2015-02-13;13;Friday;7;February;1;2015
45;2015-02-14;14;Saturday;7;February;1;2015
46;2015-02-15;15;Sunday;8;February;1;2015
47;2015-02-16;16;Monday;8;February;1;2015
48;2015-02-17;17;Tuesday;8;February;1;2015
49;2015-02-18;18;Wednesday;8;February;1;2015
50;2015-02-19;19;Thursday;8;February;1;2015
51;2015-02-20;20;Friday;8;February;1;2015
52;2015-02-21;21;Saturday;8;February;1;2015
53;2015-02-22;22;Sunday;9;February;1;2015
54;2015-02-23;23;Monday;9;February;1;2015
55;2015-02-24;24;Tuesday;9;February;1;2015
56;2015-02-25;25;Wednesday;9;February;1;2015
57;2015-02-26;26;Thursday;9;February;1;2015
58;2015-02-27;27;Friday;9;February;1;2015
59;2015-02-28;28;Saturday;9;February;1;2015
60;2015-03-01;1;Sunday;10;March;1;2015
61;2015-03-02;2;Monday;10;March;1;2015
62;2015-03-03;3;Tuesday;10;March;1;2015
63;2015-03-04;4;Wednesday;10;March;1;2015
64;2015-03-05;5;Thursday;10;March;1;2015
65;2015-03-06;6;Friday;10;March;1;2015
66;2015-03-07;7;Saturday;10;March;1;2015
67;2015-03-08;8;Sunday;11;March;1;2015
68;2015-03-09;9;Monday;11;March;1;2015
69;2015-03-10;10;Tuesday;11;March;1;2015
70;2015-03-11;11;Wednesday;11;March;1;2015
71;2015-03-12;12;Thursday;11;March;1;2015
72;2015-03-13;13;Friday;11;March;1;2015
73;2015-03-14;14;Saturday;11;March;1;2015
74;2015-03-15;15;Sunday;12;March;1;2015
75;2015-03-16;16;Monday;12;March;1;2015
76;2015-03-17;17;Tuesday;12;March;1;2015
77;2015-03-18;18;Wednesday;12;March;1;2015
78;2015-03-19;19;Thursday;12;March;1;2015
79;2015-03-20;20;Friday;12;March;1;2015
80;2015-03-21;21;Saturday;12;March;1;2015
81;2015-03-22;22;Sunday;13;March;1;2015
82;2015-03-23;23;Monday;13;March;1;2015
83;2015-03-24;24;Tuesday;13;March;1;2015
84;2015-03-25;25;Wednesday;13;March;1;2015
85;2015-03-26;26;Thursday;13;March;1;2015
86;2015-03-27;27;Friday;13;March;1;2015
87;2015-03-28;28;Saturday;13;March;1;2015
88;2015-03-29;29;Sunday;14;March;1;2015
89;2015-03-30;30;Monday;14;March;1;2015
90;2015-03-31;31;Tuesday;14;March;1;2015
91;2015-04-01;1;Wednesday;14;April;2;2015
92;2015-04-02;2;Thursday;14;April;2;2015
93;2015-04-03;3;Friday;14;April;2;2015
94;2015-04-04;4;Saturday;14;April;2;2015
95;2015-04-05;5;Sunday;15;April;2;2015
96;2015-04-06;6;Monday;15;April;2;2015
97;2015-04-07;7;Tuesday;15;April;2;2015
98;2015-04-08;8;Wednesday;15;April;2;2015
99;2015-04-09;9;Thursday;15;April;2;2015
100;2015-04-10;10;Friday;15;April;2;2015
101;2015-04-11;11;Saturday;15;April;2;2015
102;2015-04-12;12;Sunday;16;April;2;2015
103;2015-04-13;13;Monday;16;April;2;2015
104;2015-04-14;14;Tuesday;16;April;2;2015
105;2015-04-15;15;Wednesday;16;April;2;2015
106;2015-04-16;16;Thursday;16;April;2;2015
107;2015-04-17;17;Friday;16;April;2;2015
108;2015-04-18;18;Saturday;16;April;2;2015
109;2015-04-19;19;Sunday;17;April;2;2015
110;2015-04-20;20;Monday;17;April;2;2015
111;2015-04-21;21;Tuesday;17;April;2;2015
112;2015-04-22;22;Wednesday;17;April;2;2015
113;2015-04-23;23;Thursday;17;April;2;2015
114;2015-04-24;24;Friday;17;April;2;2015
115;2015-04-25;25;Saturday;17;April;2;2015
116;2015-04-26;26;Sunday;18;April;2;2015
117;2015-04-27;27;Monday;18;April;2;2015
118;2015-04-28;28;Tuesday;18;April;2;2015
119;2015-04-29;29;Wednesday;18;April;2;2015
120;2015-04-30;30;Thursday;18;April;2;2015
121;2015-05-01;1;Friday;18;May;2;2015
122;2015-05-02;2;Saturday;18;May;2;2015
123;2015-05-03;3;Sunday;19;May;2;2015
124;2015-05-04;4;Monday;19;May;2;2015
125;2015-05-05;5;Tuesday;19;May;2;2015
126;2015-05-06;6;Wednesday;19;May;2;2015
127;2015-05-07;7;Thursday;19;May;2;2015
128;2015-05-08;8;Friday;19;May;2;2015
129;2015-05-09;9;Saturday;19;May;2;2015
130;2015-05-10;10;Sunday;20;May;2;2015
131;2015-05-11;11;Monday;20;May;2;2015
132;2015-05-12;12;Tuesday;20;May;2;2015
133;2015-05-13;13;Wednesday;20;May;2;2015
134;2015-05-14;14;Thursday;20;May;2;2015
135;2015-05-15;15;Friday;20;May;2;2015
136;2015-05-16;16;Saturday;20;May;2;2015
137;2015-05-17;17;Sunday;21;May;2;2015
138;2015-05-18;18;Monday;21;May;2;2015
139;2015-05-19;19;Tuesday;21;May;2;2015
140;2015-05-20;20;Wednesday;21;May;2;2015
141;2015-05-21;21;Thursday;21;May;2;2015
142;2015-05-22;22;Friday;21;May;2;2015
143;2015-05-23;23;Saturday;21;May;2;2015
144;2015-05-24;24;Sunday;22;May;2;2015
145;2015-05-25;25;Monday;22;May;2;2015
146;2015-05-26;26;Tuesday;22;May;2;2015
147;2015-05-27;27;Wednesday;22;May;2;2015
148;2015-05-28;28;Thursday;22;May;2;2015
149;2015-05-29;29;Friday;22;May;2;2015
150;2015-05-30;30;Saturday;22;May;2;2015
151;2015-05-31;31;Sunday;23;May;2;2015
152;2015-06-01;1;Monday;23;June;2;2015
153;2015-06-02;2;Tuesday;23;June;2;2015
154;2015-06-03;3;Wednesday;23;June;2;2015
155;2015-06-04;4;Thursday;23;June;2;2015
156;2015-06-05;5;Friday;23;June;2;2015
157;2015-06-06;6;Saturday;23;June;2;2015
158;2015-06-07;7;Sunday;24;June;2;2015
159;2015-06-08;8;Monday;24;June;2;2015
160;2015-06-09;9;Tuesday;24;June;2;2015
161;2015-06-10;10;Wednesday;24;June;2;2015
162;2015-06-11;11;Thursday;24;June;2;2015
163;2015-06-12;12;Friday;24;June;2;2015
164;2015-06-13;13;Saturday;24;June;2;2015
165;2015-06-14;14;Sunday;25;June;2;2015
166;2015-06-15;15;Monday;25;June;2;2015
167;2015-06-16;16;Tuesday;25;June;2;2015
168;2015-06-17;17;Wednesday;25;June;2;2015
169;2015-06-18;18;Thursday;25;June;2;2015
170;2015-06-19;19;Friday;25;June;2;2015
171;2015-06-20;20;Saturday;25;June;2;2015
172;2015-06-21;21;Sunday;26;June;2;2015
173;2015-06-22;22;Monday;26;June;2;2015
174;2015-06-23;23;Tuesday;26;June;2;2015
175;2015-06-24;24;Wednesday;26;June;2;2015
176;2015-06-25;25;Thursday;26;June;2;2015
177;2015-06-26;26;Friday;26;June;2;2015
178;2015-06-27;27;Saturday;26;June;2;2015
179;2015-06-28;28;Sunday;27;June;2;2015
180;2015-06-29;29;Monday;27;June;2;2015
181;2015-06-30;30;Tuesday;27;June;2;2015
182;2015-07-01;1;Wednesday;27;July;3;2015
183;2015-07-02;2;Thursday;27;July;3;2015
184;2015-07-03;3;Friday;27;July;3;2015
185;2015-07-04;4;Saturday;27;July;3;2015
186;2015-07-05;5;Sunday;28;July;3;2015
187;2015-07-06;6;Monday;28;July;3;2015
188;2015-07-07;7;Tuesday;28;July;3;2015
189;2015-07-08;8;Wednesday;28;July;3;2015
190;2015-07-09;9;Thursday;28;July;3;2015
191;2015-07-10;10;Friday;28;July;3;2015
192;2015-07-11;11;Saturday;28;July;3;2015
193;2015-07-12;12;Sunday;29;July;3;2015
194;2015-07-13;13;Monday;29;July;3;2015
195;2015-07-14;14;Tuesday;29;July;3;2015
196;2015-07-15;15;Wednesday;29;July;3;2015
197;2015-07-16;16;Thursday;29;July;3;2015
198;2015-07-17;17;Friday;29;July;3;2015
199;2015-07-18;18;Saturday;29;July;3;2015
200;2015-07-19;19;Sunday;30;July;3;2015
201;2015-07-20;20;Monday;30;July;3;2015
202;2015-07-21;21;Tuesday;30;July;3;2015
203;2015-07-22;22;Wednesday;30;July;3;2015
204;2015-07-23;23;Thursday;30;July;3;2015
205;2015-07-24;24;Friday;30;July;3;2015
206;2015-07-25;25;Saturday;30;July;3;2015
207;2015-07-26;26;Sunday;31;July;3;2015
208;2015-07-27;27;Monday;31;July;3;2015
209;2015-07-28;28;Tuesday;31;July;3;2015
210;2015-07-29;29;Wednesday;31;July;3;2015
211;2015-07-30;30;Thursday;31;July;3;2015
212;2015-07-31;31;Friday;31;July;3;2015
213;2015-08-01;1;Saturday;31;August;3;2015
214;2015-08-02;2;Sunday;32;August;3;2015
215;2015-08-03;3;Monday;32;August;3;2015
216;2015-08-04;4;Tuesday;32;August;3;2015
217;2015-08-05;5;Wednesday;32;August;3;2015
218;2015-08-06;6;Thursday;32;August;3;2015
219;2015-08-07;7;Friday;32;August;3;2015
220;2015-08-08;8;Saturday;32;August;3;2015
221;2015-08-09;9;Sunday;33;August;3;2015
222;2015-08-10;10;Monday;33;August;3;2015
223;2015-08-11;11;Tuesday;33;August;3;2015
224;2015-08-12;12;Wednesday;33;August;3;2015
225;2015-08-13;13;Thursday;33;August;3;2015
226;2015-08-14;14;Friday;33;August;3;2015
227;2015-08-15;15;Saturday;33;August;3;2015
228;2015-08-16;16;Sunday;34;August;3;2015
229;2015-08-17;17;Monday;34;August;3;2015
230;2015-08-18;18;Tuesday;34;August;3;2015
231;2015-08-19;19;Wednesday;34;August;3;2015
232;2015-08-20;20;Thursday;34;August;3;2015
233;2015-08-21;21;Friday;34;August;3;2015
234;2015-08-22;22;Saturday;34;August;3;2015
235;2015-08-23;23;Sunday;35;August;3;2015
236;2015-08-24;24;Monday;35;August;3;2015
237;2015-08-25;25;Tuesday;35;August;3;2015
238;2015-08-26;26;Wednesday;35;August;3;2015
239;2015-08-27;27;Thursday;35;August;3;2015
240;2015-08-28;28;Friday;35;August;3;2015
241;2015-08-29;29;Saturday;35;August;3;2015
242;2015-08-30;30;Sunday;36;August;3;2015
243;2015-08-31;31;Monday;36;August;3;2015
244;2015-09-01;1;Tuesday;36;September;3;2015
245;2015-09-02;2;Wednesday;36;September;3;2015
246;2015-09-03;3;Thursday;36;September;3;2015
247;2015-09-04;4;Friday;36;September;3;2015
248;2015-09-05;5;Saturday;36;September;3;2015
249;2015-09-06;6;Sunday;37;September;3;2015
250;2015-09-07;7;Monday;37;September;3;2015
251;2015-09-08;8;Tuesday;37;September;3;2015
252;2015-09-09;9;Wednesday;37;September;3;2015
253;2015-09-10;10;Thursday;37;September;3;2015
254;2015-09-11;11;Friday;37;September;3;2015
255;2015-09-12;12;Saturday;37;September;3;2015
256;2015-09-13;13;Sunday;38;September;3;2015
257;2015-09-14;14;Monday;38;September;3;2015
258;2015-09-15;15;Tuesday;38;September;3;2015
259;2015-09-16;16;Wednesday;38;September;3;2015
260;2015-09-17;17;Thursday;38;September;3;2015
261;2015-09-18;18;Friday;38;September;3;2015
262;2015-09-19;19;Saturday;38;September;3;2015
263;2015-09-20;20;Sunday;39;September;3;2015
264;2015-09-21;21;Monday;39;September;3;2015
265;2015-09-22;22;Tuesday;39;September;3;2015
266;2015-09-23;23;Wednesday;39;September;3;2015
267;2015-09-24;24;Thursday;39;September;3;2015
268;2015-09-25;25;Friday;39;September;3;2015
269;2015-09-26;26;Saturday;39;September;3;2015
270;2015-09-27;27;Sunday;40;September;3;2015
271;2015-09-28;28;Monday;40;September;3;2015
272;2015-09-29;29;Tuesday;40;September;3;2015
273;2015-09-30;30;Wednesday;40;September;3;2015
274;2015-10-01;1;Thursday;40;October;4;2015
275;2015-10-02;2;Friday;40;October;4;2015
276;2015-10-03;3;Saturday;40;October;4;2015
277;2015-10-04;4;Sunday;41;October;4;2015
278;2015-10-05;5;Monday;41;October;4;2015
279;2015-10-06;6;Tuesday;41;October;4;2015
280;2015-10-07;7;Wednesday;41;October;4;2015
281;2015-10-08;8;Thursday;41;October;4;2015
282;2015-10-09;9;Friday;41;October;4;2015
283;2015-10-10;10;Saturday;41;October;4;2015
284;2015-10-11;11;Sunday;42;October;4;2015
285;2015-10-12;12;Monday;42;October;4;2015
286;2015-10-13;13;Tuesday;42;October;4;2015
287;2015-10-14;14;Wednesday;42;October;4;2015
288;2015-10-15;15;Thursday;42;October;4;2015
289;2015-10-16;16;Friday;42;October;4;2015
290;2015-10-17;17;Saturday;42;October;4;2015
291;2015-10-18;18;Sunday;43;October;4;2015
292;2015-10-19;19;Monday;43;October;4;2015
293;2015-10-20;20;Tuesday;43;October;4;2015
294;2015-10-21;21;Wednesday;43;October;4;2015
295;2015-10-22;22;Thursday;43;October;4;2015
296;2015-10-23;23;Friday;43;October;4;2015
297;2015-10-24;24;Saturday;43;October;4;2015
298;2015-10-25;25;Sunday;44;October;4;2015
299;2015-10-26;26;Monday;44;October;4;2015
300;2015-10-27;27;Tuesday;44;October;4;2015
301;2015-10-28;28;Wednesday;44;October;4;2015
302;2015-10-29;29;Thursday;44;October;4;2015
303;2015-10-30;30;Friday;44;October;4;2015
304;2015-10-31;31;Saturday;44;October;4;2015
305;2015-11-01;1;Sunday;45;November;4;2015
306;2015-11-02;2;Monday;45;November;4;2015
307;2015-11-03;3;Tuesday;45;November;4;2015
308;2015-11-04;4;Wednesday;45;November;4;2015
309;2015-11-05;5;Thursday;45;November;4;2015
310;2015-11-06;6;Friday;45;November;4;2015
311;2015-11-07;7;Saturday;45;November;4;2015
312;2015-11-08;8;Sunday;46;November;4;2015
313;2015-11-09;9;Monday;46;November;4;2015
314;2015-11-10;10;Tuesday;46;November;4;2015
315;2015-11-11;11;Wednesday;46;November;4;2015
316;2015-11-12;12;Thursday;46;November;4;2015
317;2015-11-13;13;Friday;46;November;4;2015
318;2015-11-14;14;Saturday;46;November;4;2015
319;2015-11-15;15;Sunday;47;November;4;2015
320;2015-11-16;16;Monday;47;November;4;2015
321;2015-11-17;17;Tuesday;47;November;4;2015
322;2015-11-18;18;Wednesday;47;November;4;2015
323;2015-11-19;19;Thursday;47;November;4;2015
324;2015-11-20;20;Friday;47;November;4;2015
325;2015-11-21;21;Saturday;47;November;4;2015
326;2015-11-22;22;Sunday;48;November;4;2015
327;2015-11-23;23;Monday;48;November;4;2015
328;2015-11-24;24;Tuesday;48;November;4;2015
329;2015-11-25;25;Wednesday;48;November;4;2015
330;2015-11-26;26;Thursday;48;November;4;2015
331;2015-11-27;27;Friday;48;November;4;2015
332;2015-11-28;28;Saturday;48;November;4;2015
333;2015-11-29;29;Sunday;49;November;4;2015
334;2015-11-30;30;Monday;49;November;4;2015
335;2015-12-01;1;Tuesday;49;December;4;2015
336;2015-12-02;2;Wednesday;49;December;4;2015
337;2015-12-03;3;Thursday;49;December;4;2015
338;2015-12-04;4;Friday;49;December;4;2015
339;2015-12-05;5;Saturday;49;December;4;2015
340;2015-12-06;6;Sunday;50;December;4;2015
341;2015-12-07;7;Monday;50;December;4;2015
342;2015-12-08;8;Tuesday;50;December;4;2015
343;2015-12-09;9;Wednesday;50;December;4;2015
344;2015-12-10;10;Thursday;50;December;4;2015
345;2015-12-11;11;Friday;50;December;4;2015
346;2015-12-12;12;Saturday;50;December;4;2015
347;2015-12-13;13;Sunday;51;December;4;2015
348;2015-12-14;14;Monday;51;December;4;2015
349;2015-12-15;15;Tuesday;51;December;4;2015
350;2015-12-16;16;Wednesday;51;December;4;2015
351;2015-12-17;17;Thursday;51;December;4;2015
352;2015-12-18;18;Friday;51;December;4;2015
353;2015-12-19;19;Saturday;51;December;4;2015
354;2015-12-20;20;Sunday;52;December;4;2015
355;2015-12-21;21;Monday;52;December;4;2015
356;2015-12-22;22;Tuesday;52;December;4;2015
357;2015-12-23;23;Wednesday;52;December;4;2015
358;2015-12-24;24;Thursday;52;December;4;2015
359;2015-12-25;25;Friday;52;December;4;2015
360;2015-12-26;26;Saturday;52;December;4;2015
361;2015-12-27;27;Sunday;53;December;4;2015
362;2015-12-28;28;Monday;53;December;4;2015
363;2015-12-29;29;Tuesday;53;December;4;2015
364;2015-12-30;30;Wednesday;53;December;4;2015
365;2015-12-31;31;Thursday;53;December;4;2015
366;2016-01-01;1;Friday;1;January;1;2016
367;2016-01-02;2;Saturday;1;January;1;2016
368;2016-01-03;3;Sunday;2;January;1;2016
369;2016-01-04;4;Monday;2;January;1;2016
370;2016-01-05;5;Tuesday;2;January;1;2016
371;2016-01-06;6;Wednesday;2;January;1;2016
372;2016-01-07;7;Thursday;2;January;1;2016
373;2016-01-08;8;Friday;2;January;1;2016
374;2016-01-09;9;Saturday;2;January;1;2016
375;2016-01-10;10;Sunday;3;January;1;2016
376;2016-01-11;11;Monday;3;January;1;2016
377;2016-01-12;12;Tuesday;3;January;1;2016
378;2016-01-13;13;Wednesday;3;January;1;2016
379;2016-01-14;14;Thursday;3;January;1;2016
380;2016-01-15;15;Friday;3;January;1;2016
381;2016-01-16;16;Saturday;3;January;1;2016
382;2016-01-17;17;Sunday;4;January;1;2016
383;2016-01-18;18;Monday;4;January;1;2016
384;2016-01-19;19;Tuesday;4;January;1;2016
385;2016-01-20;20;Wednesday;4;January;1;2016
386;2016-01-21;21;Thursday;4;January;1;2016
387;2016-01-22;22;Friday;4;January;1;2016
388;2016-01-23;23;Saturday;4;January;1;2016
389;2016-01-24;24;Sunday;5;January;1;2016
390;2016-01-25;25;Monday;5;January;1;2016
391;2016-01-26;26;Tuesday;5;January;1;2016
392;2016-01-27;27;Wednesday;5;January;1;2016
393;2016-01-28;28;Thursday;5;January;1;2016
394;2016-01-29;29;Friday;5;January;1;2016
395;2016-01-30;30;Saturday;5;January;1;2016
396;2016-01-31;31;Sunday;6;January;1;2016
397;2016-02-01;1;Monday;6;February;1;2016
398;2016-02-02;2;Tuesday;6;February;1;2016
399;2016-02-03;3;Wednesday;6;February;1;2016
400;2016-02-04;4;Thursday;6;February;1;2016
401;2016-02-05;5;Friday;6;February;1;2016
402;2016-02-06;6;Saturday;6;February;1;2016
403;2016-02-07;7;Sunday;7;February;1;2016
404;2016-02-08;8;Monday;7;February;1;2016
405;2016-02-09;9;Tuesday;7;February;1;2016
406;2016-02-10;10;Wednesday;7;February;1;2016
407;2016-02-11;11;Thursday;7;February;1;2016
408;2016-02-12;12;Friday;7;February;1;2016
409;2016-02-13;13;Saturday;7;February;1;2016
410;2016-02-14;14;Sunday;8;February;1;2016
411;2016-02-15;15;Monday;8;February;1;2016
412;2016-02-16;16;Tuesday;8;February;1;2016
413;2016-02-17;17;Wednesday;8;February;1;2016
414;2016-02-18;18;Thursday;8;February;1;2016
415;2016-02-19;19;Friday;8;February;1;2016
416;2016-02-20;20;Saturday;8;February;1;2016
417;2016-02-21;21;Sunday;9;February;1;2016
418;2016-02-22;22;Monday;9;February;1;2016
419;2016-02-23;23;Tuesday;9;February;1;2016
420;2016-02-24;24;Wednesday;9;February;1;2016
421;2016-02-25;25;Thursday;9;February;1;2016
422;2016-02-26;26;Friday;9;February;1;2016
423;2016-02-27;27;Saturday;9;February;1;2016
424;2016-02-28;28;Sunday;10;February;1;2016
425;2016-02-29;29;Monday;10;February;1;2016
426;2016-03-01;1;Tuesday;10;March;1;2016
427;2016-03-02;2;Wednesday;10;March;1;2016
428;2016-03-03;3;Thursday;10;March;1;2016
429;2016-03-04;4;Friday;10;March;1;2016
430;2016-03-05;5;Saturday;10;March;1;2016
431;2016-03-06;6;Sunday;11;March;1;2016
432;2016-03-07;7;Monday;11;March;1;2016
433;2016-03-08;8;Tuesday;11;March;1;2016
434;2016-03-09;9;Wednesday;11;March;1;2016
435;2016-03-10;10;Thursday;11;March;1;2016
436;2016-03-11;11;Friday;11;March;1;2016
437;2016-03-12;12;Saturday;11;March;1;2016
438;2016-03-13;13;Sunday;12;March;1;2016
439;2016-03-14;14;Monday;12;March;1;2016
440;2016-03-15;15;Tuesday;12;March;1;2016
441;2016-03-16;16;Wednesday;12;March;1;2016
442;2016-03-17;17;Thursday;12;March;1;2016
443;2016-03-18;18;Friday;12;March;1;2016
444;2016-03-19;19;Saturday;12;March;1;2016
445;2016-03-20;20;Sunday;13;March;1;2016
446;2016-03-21;21;Monday;13;March;1;2016
447;2016-03-22;22;Tuesday;13;March;1;2016
448;2016-03-23;23;Wednesday;13;March;1;2016
449;2016-03-24;24;Thursday;13;March;1;2016
450;2016-03-25;25;Friday;13;March;1;2016
451;2016-03-26;26;Saturday;13;March;1;2016
452;2016-03-27;27;Sunday;14;March;1;2016
453;2016-03-28;28;Monday;14;March;1;2016
454;2016-03-29;29;Tuesday;14;March;1;2016
455;2016-03-30;30;Wednesday;14;March;1;2016
456;2016-03-31;31;Thursday;14;March;1;2016
457;2016-04-01;1;Friday;14;April;2;2016
458;2016-04-02;2;Saturday;14;April;2;2016
459;2016-04-03;3;Sunday;15;April;2;2016
460;2016-04-04;4;Monday;15;April;2;2016
461;2016-04-05;5;Tuesday;15;April;2;2016
462;2016-04-06;6;Wednesday;15;April;2;2016
463;2016-04-07;7;Thursday;15;April;2;2016
464;2016-04-08;8;Friday;15;April;2;2016
465;2016-04-09;9;Saturday;15;April;2;2016
466;2016-04-10;10;Sunday;16;April;2;2016
467;2016-04-11;11;Monday;16;April;2;2016
468;2016-04-12;12;Tuesday;16;April;2;2016
469;2016-04-13;13;Wednesday;16;April;2;2016
470;2016-04-14;14;Thursday;16;April;2;2016
471;2016-04-15;15;Friday;16;April;2;2016
472;2016-04-16;16;Saturday;16;April;2;2016
473;2016-04-17;17;Sunday;17;April;2;2016
474;2016-04-18;18;Monday;17;April;2;2016
475;2016-04-19;19;Tuesday;17;April;2;2016
476;2016-04-20;20;Wednesday;17;April;2;2016
477;2016-04-21;21;Thursday;17;April;2;2016
478;2016-04-22;22;Friday;17;April;2;2016
479;2016-04-23;23;Saturday;17;April;2;2016
480;2016-04-24;24;Sunday;18;April;2;2016
481;2016-04-25;25;Monday;18;April;2;2016
482;2016-04-26;26;Tuesday;18;April;2;2016
483;2016-04-27;27;Wednesday;18;April;2;2016
484;2016-04-28;28;Thursday;18;April;2;2016
485;2016-04-29;29;Friday;18;April;2;2016
486;2016-04-30;30;Saturday;18;April;2;2016
487;2016-05-01;1;Sunday;19;May;2;2016
488;2016-05-02;2;Monday;19;May;2;2016
489;2016-05-03;3;Tuesday;19;May;2;2016
490;2016-05-04;4;Wednesday;19;May;2;2016
491;2016-05-05;5;Thursday;19;May;2;2016
492;2016-05-06;6;Friday;19;May;2;2016
493;2016-05-07;7;Saturday;19;May;2;2016
494;2016-05-08;8;Sunday;20;May;2;2016
495;2016-05-09;9;Monday;20;May;2;2016
496;2016-05-10;10;Tuesday;20;May;2;2016
497;2016-05-11;11;Wednesday;20;May;2;2016
498;2016-05-12;12;Thursday;20;May;2;2016
499;2016-05-13;13;Friday;20;May;2;2016
500;2016-05-14;14;Saturday;20;May;2;2016
501;2016-05-15;15;Sunday;21;May;2;2016
502;2016-05-16;16;Monday;21;May;2;2016
503;2016-05-17;17;Tuesday;21;May;2;2016
504;2016-05-18;18;Wednesday;21;May;2;2016
505;2016-05-19;19;Thursday;21;May;2;2016
506;2016-05-20;20;Friday;21;May;2;2016
507;2016-05-21;21;Saturday;21;May;2;2016
508;2016-05-22;22;Sunday;22;May;2;2016
509;2016-05-23;23;Monday;22;May;2;2016
510;2016-05-24;24;Tuesday;22;May;2;2016
511;2016-05-25;25;Wednesday;22;May;2;2016
512;2016-05-26;26;Thursday;22;May;2;2016
513;2016-05-27;27;Friday;22;May;2;2016
514;2016-05-28;28;Saturday;22;May;2;2016
515;2016-05-29;29;Sunday;23;May;2;2016
516;2016-05-30;30;Monday;23;May;2;2016
517;2016-05-31;31;Tuesday;23;May;2;2016
518;2016-06-01;1;Wednesday;23;June;2;2016
519;2016-06-02;2;Thursday;23;June;2;2016
520;2016-06-03;3;Friday;23;June;2;2016
521;2016-06-04;4;Saturday;23;June;2;2016
522;2016-06-05;5;Sunday;24;June;2;2016
523;2016-06-06;6;Monday;24;June;2;2016
524;2016-06-07;7;Tuesday;24;June;2;2016
525;2016-06-08;8;Wednesday;24;June;2;2016
526;2016-06-09;9;Thursday;24;June;2;2016
527;2016-06-10;10;Friday;24;June;2;2016
528;2016-06-11;11;Saturday;24;June;2;2016
529;2016-06-12;12;Sunday;25;June;2;2016
530;2016-06-13;13;Monday;25;June;2;2016
531;2016-06-14;14;Tuesday;25;June;2;2016
532;2016-06-15;15;Wednesday;25;June;2;2016
533;2016-06-16;16;Thursday;25;June;2;2016
534;2016-06-17;17;Friday;25;June;2;2016
535;2016-06-18;18;Saturday;25;June;2;2016
536;2016-06-19;19;Sunday;26;June;2;2016
537;2016-06-20;20;Monday;26;June;2;2016
538;2016-06-21;21;Tuesday;26;June;2;2016
539;2016-06-22;22;Wednesday;26;June;2;2016
540;2016-06-23;23;Thursday;26;June;2;2016
541;2016-06-24;24;Friday;26;June;2;2016
542;2016-06-25;25;Saturday;26;June;2;2016
543;2016-06-26;26;Sunday;27;June;2;2016
544;2016-06-27;27;Monday;27;June;2;2016
545;2016-06-28;28;Tuesday;27;June;2;2016
546;2016-06-29;29;Wednesday;27;June;2;2016
547;2016-06-30;30;Thursday;27;June;2;2016
548;2016-07-01;1;Friday;27;July;3;2016
549;2016-07-02;2;Saturday;27;July;3;2016
550;2016-07-03;3;Sunday;28;July;3;2016
551;2016-07-04;4;Monday;28;July;3;2016
552;2016-07-05;5;Tuesday;28;July;3;2016
553;2016-07-06;6;Wednesday;28;July;3;2016
554;2016-07-07;7;Thursday;28;July;3;2016
555;2016-07-08;8;Friday;28;July;3;2016
556;2016-07-09;9;Saturday;28;July;3;2016
557;2016-07-10;10;Sunday;29;July;3;2016
558;2016-07-11;11;Monday;29;July;3;2016
559;2016-07-12;12;Tuesday;29;July;3;2016
560;2016-07-13;13;Wednesday;29;July;3;2016
561;2016-07-14;14;Thursday;29;July;3;2016
562;2016-07-15;15;Friday;29;July;3;2016
563;2016-07-16;16;Saturday;29;July;3;2016
564;2016-07-17;17;Sunday;30;July;3;2016
565;2016-07-18;18;Monday;30;July;3;2016
566;2016-07-19;19;Tuesday;30;July;3;2016
567;2016-07-20;20;Wednesday;30;July;3;2016
568;2016-07-21;21;Thursday;30;July;3;2016
569;2016-07-22;22;Friday;30;July;3;2016
570;2016-07-23;23;Saturday;30;July;3;2016
571;2016-07-24;24;Sunday;31;July;3;2016
572;2016-07-25;25;Monday;31;July;3;2016
573;2016-07-26;26;Tuesday;31;July;3;2016
574;2016-07-27;27;Wednesday;31;July;3;2016
575;2016-07-28;28;Thursday;31;July;3;2016
576;2016-07-29;29;Friday;31;July;3;2016
577;2016-07-30;30;Saturday;31;July;3;2016
578;2016-07-31;31;Sunday;32;July;3;2016
579;2016-08-01;1;Monday;32;August;3;2016
580;2016-08-02;2;Tuesday;32;August;3;2016
581;2016-08-03;3;Wednesday;32;August;3;2016
582;2016-08-04;4;Thursday;32;August;3;2016
583;2016-08-05;5;Friday;32;August;3;2016
584;2016-08-06;6;Saturday;32;August;3;2016
585;2016-08-07;7;Sunday;33;August;3;2016
586;2016-08-08;8;Monday;33;August;3;2016
587;2016-08-09;9;Tuesday;33;August;3;2016
588;2016-08-10;10;Wednesday;33;August;3;2016
589;2016-08-11;11;Thursday;33;August;3;2016
590;2016-08-12;12;Friday;33;August;3;2016
591;2016-08-13;13;Saturday;33;August;3;2016
592;2016-08-14;14;Sunday;34;August;3;2016
593;2016-08-15;15;Monday;34;August;3;2016
594;2016-08-16;16;Tuesday;34;August;3;2016
595;2016-08-17;17;Wednesday;34;August;3;2016
596;2016-08-18;18;Thursday;34;August;3;2016
597;2016-08-19;19;Friday;34;August;3;2016
598;2016-08-20;20;Saturday;34;August;3;2016
599;2016-08-21;21;Sunday;35;August;3;2016
600;2016-08-22;22;Monday;35;August;3;2016
601;2016-08-23;23;Tuesday;35;August;3;2016
602;2016-08-24;24;Wednesday;35;August;3;2016
603;2016-08-25;25;Thursday;35;August;3;2016
604;2016-08-26;26;Friday;35;August;3;2016
605;2016-08-27;27;Saturday;35;August;3;2016
606;2016-08-28;28;Sunday;36;August;3;2016
607;2016-08-29;29;Monday;36;August;3;2016
608;2016-08-30;30;Tuesday;36;August;3;2016
609;2016-08-31;31;Wednesday;36;August;3;2016
610;2016-09-01;1;Thursday;36;September;3;2016
611;2016-09-02;2;Friday;36;September;3;2016
612;2016-09-03;3;Saturday;36;September;3;2016
613;2016-09-04;4;Sunday;37;September;3;2016
614;2016-09-05;5;Monday;37;September;3;2016
615;2016-09-06;6;Tuesday;37;September;3;2016
616;2016-09-07;7;Wednesday;37;September;3;2016
617;2016-09-08;8;Thursday;37;September;3;2016
618;2016-09-09;9;Friday;37;September;3;2016
619;2016-09-10;10;Saturday;37;September;3;2016
620;2016-09-11;11;Sunday;38;September;3;2016
621;2016-09-12;12;Monday;38;September;3;2016
622;2016-09-13;13;Tuesday;38;September;3;2016
623;2016-09-14;14;Wednesday;38;September;3;2016
624;2016-09-15;15;Thursday;38;September;3;2016
625;2016-09-16;16;Friday;38;September;3;2016
626;2016-09-17;17;Saturday;38;September;3;2016
627;2016-09-18;18;Sunday;39;September;3;2016
628;2016-09-19;19;Monday;39;September;3;2016
629;2016-09-20;20;Tuesday;39;September;3;2016
630;2016-09-21;21;Wednesday;39;September;3;2016
631;2016-09-22;22;Thursday;39;September;3;2016
632;2016-09-23;23;Friday;39;September;3;2016
633;2016-09-24;24;Saturday;39;September;3;2016
634;2016-09-25;25;Sunday;40;September;3;2016
635;2016-09-26;26;Monday;40;September;3;2016
636;2016-09-27;27;Tuesday;40;September;3;2016
637;2016-09-28;28;Wednesday;40;September;3;2016
638;2016-09-29;29;Thursday;40;September;3;2016
639;2016-09-30;30;Friday;40;September;3;2016
640;2016-10-01;1;Saturday;40;October;4;2016
641;2016-10-02;2;Sunday;41;October;4;2016
642;2016-10-03;3;Monday;41;October;4;2016
643;2016-10-04;4;Tuesday;41;October;4;2016
644;2016-10-05;5;Wednesday;41;October;4;2016
645;2016-10-06;6;Thursday;41;October;4;2016
646;2016-10-07;7;Friday;41;October;4;2016
647;2016-10-08;8;Saturday;41;October;4;2016
648;2016-10-09;9;Sunday;42;October;4;2016
649;2016-10-10;10;Monday;42;October;4;2016
650;2016-10-11;11;Tuesday;42;October;4;2016
651;2016-10-12;12;Wednesday;42;October;4;2016
652;2016-10-13;13;Thursday;42;October;4;2016
653;2016-10-14;14;Friday;42;October;4;2016
654;2016-10-15;15;Saturday;42;October;4;2016
655;2016-10-16;16;Sunday;43;October;4;2016
656;2016-10-17;17;Monday;43;October;4;2016
657;2016-10-18;18;Tuesday;43;October;4;2016
658;2016-10-19;19;Wednesday;43;October;4;2016
659;2016-10-20;20;Thursday;43;October;4;2016
660;2016-10-21;21;Friday;43;October;4;2016
661;2016-10-22;22;Saturday;43;October;4;2016
662;2016-10-23;23;Sunday;44;October;4;2016
663;2016-10-24;24;Monday;44;October;4;2016
664;2016-10-25;25;Tuesday;44;October;4;2016
665;2016-10-26;26;Wednesday;44;October;4;2016
666;2016-10-27;27;Thursday;44;October;4;2016
667;2016-10-28;28;Friday;44;October;4;2016
668;2016-10-29;29;Saturday;44;October;4;2016
669;2016-10-30;30;Sunday;45;October;4;2016
670;2016-10-31;31;Monday;45;October;4;2016
671;2016-11-01;1;Tuesday;45;November;4;2016
672;2016-11-02;2;Wednesday;45;November;4;2016
673;2016-11-03;3;Thursday;45;November;4;2016
674;2016-11-04;4;Friday;45;November;4;2016
675;2016-11-05;5;Saturday;45;November;4;2016
676;2016-11-06;6;Sunday;46;November;4;2016
677;2016-11-07;7;Monday;46;November;4;2016
678;2016-11-08;8;Tuesday;46;November;4;2016
679;2016-11-09;9;Wednesday;46;November;4;2016
680;2016-11-10;10;Thursday;46;November;4;2016
681;2016-11-11;11;Friday;46;November;4;2016
682;2016-11-12;12;Saturday;46;November;4;2016
683;2016-11-13;13;Sunday;47;November;4;2016
684;2016-11-14;14;Monday;47;November;4;2016
685;2016-11-15;15;Tuesday;47;November;4;2016
686;2016-11-16;16;Wednesday;47;November;4;2016
687;2016-11-17;17;Thursday;47;November;4;2016
688;2016-11-18;18;Friday;47;November;4;2016
689;2016-11-19;19;Saturday;47;November;4;2016
690;2016-11-20;20;Sunday;48;November;4;2016
691;2016-11-21;21;Monday;48;November;4;2016
692;2016-11-22;22;Tuesday;48;November;4;2016
693;2016-11-23;23;Wednesday;48;November;4;2016
694;2016-11-24;24;Thursday;48;November;4;2016
695;2016-11-25;25;Friday;48;November;4;2016
696;2016-11-26;26;Saturday;48;November;4;2016
697;2016-11-27;27;Sunday;49;November;4;2016
698;2016-11-28;28;Monday;49;November;4;2016
699;2016-11-29;29;Tuesday;49;November;4;2016
700;2016-11-30;30;Wednesday;49;November;4;2016
701;2016-12-01;1;Thursday;49;December;4;2016
702;2016-12-02;2;Friday;49;December;4;2016
703;2016-12-03;3;Saturday;49;December;4;2016
704;2016-12-04;4;Sunday;50;December;4;2016
705;2016-12-05;5;Monday;50;December;4;2016
706;2016-12-06;6;Tuesday;50;December;4;2016
707;2016-12-07;7;Wednesday;50;December;4;2016
708;2016-12-08;8;Thursday;50;December;4;2016
709;2016-12-09;9;Friday;50;December;4;2016
710;2016-12-10;10;Saturday;50;December;4;2016
711;2016-12-11;11;Sunday;51;December;4;2016
712;2016-12-12;12;Monday;51;December;4;2016
713;2016-12-13;13;Tuesday;51;December;4;2016
714;2016-12-14;14;Wednesday;51;December;4;2016
715;2016-12-15;15;Thursday;51;December;4;2016
716;2016-12-16;16;Friday;51;December;4;2016
717;2016-12-17;17;Saturday;51;December;4;2016
718;2016-12-18;18;Sunday;52;December;4;2016
719;2016-12-19;19;Monday;52;December;4;2016
720;2016-12-20;20;Tuesday;52;December;4;2016
721;2016-12-21;21;Wednesday;52;December;4;2016
722;2016-12-22;22;Thursday;52;December;4;2016
723;2016-12-23;23;Friday;52;December;4;2016
724;2016-12-24;24;Saturday;52;December;4;2016
725;2016-12-25;25;Sunday;53;December;4;2016
726;2016-12-26;26;Monday;53;December;4;2016
727;2016-12-27;27;Tuesday;53;December;4;2016
728;2016-12-28;28;Wednesday;53;December;4;2016
729;2016-12-29;29;Thursday;53;December;4;2016
730;2016-12-30;30;Friday;53;December;4;2016
731;2016-12-31;31;Saturday;53;December;4;2016
732;2017-01-01;1;Sunday;1;January;1;2017
733;2017-01-02;2;Monday;1;January;1;2017
734;2017-01-03;3;Tuesday;1;January;1;2017
735;2017-01-04;4;Wednesday;1;January;1;2017
736;2017-01-05;5;Thursday;1;January;1;2017
737;2017-01-06;6;Friday;1;January;1;2017
738;2017-01-07;7;Saturday;1;January;1;2017
739;2017-01-08;8;Sunday;2;January;1;2017
740;2017-01-09;9;Monday;2;January;1;2017
741;2017-01-10;10;Tuesday;2;January;1;2017
742;2017-01-11;11;Wednesday;2;January;1;2017
743;2017-01-12;12;Thursday;2;January;1;2017
744;2017-01-13;13;Friday;2;January;1;2017
745;2017-01-14;14;Saturday;2;January;1;2017
746;2017-01-15;15;Sunday;3;January;1;2017
747;2017-01-16;16;Monday;3;January;1;2017
748;2017-01-17;17;Tuesday;3;January;1;2017
749;2017-01-18;18;Wednesday;3;January;1;2017
750;2017-01-19;19;Thursday;3;January;1;2017
751;2017-01-20;20;Friday;3;January;1;2017
752;2017-01-21;21;Saturday;3;January;1;2017
753;2017-01-22;22;Sunday;4;January;1;2017
754;2017-01-23;23;Monday;4;January;1;2017
755;2017-01-24;24;Tuesday;4;January;1;2017
756;2017-01-25;25;Wednesday;4;January;1;2017
757;2017-01-26;26;Thursday;4;January;1;2017
758;2017-01-27;27;Friday;4;January;1;2017
759;2017-01-28;28;Saturday;4;January;1;2017
760;2017-01-29;29;Sunday;5;January;1;2017
761;2017-01-30;30;Monday;5;January;1;2017
762;2017-01-31;31;Tuesday;5;January;1;2017
763;2017-02-01;1;Wednesday;5;February;1;2017
764;2017-02-02;2;Thursday;5;February;1;2017
765;2017-02-03;3;Friday;5;February;1;2017
766;2017-02-04;4;Saturday;5;February;1;2017
767;2017-02-05;5;Sunday;6;February;1;2017
768;2017-02-06;6;Monday;6;February;1;2017
769;2017-02-07;7;Tuesday;6;February;1;2017
770;2017-02-08;8;Wednesday;6;February;1;2017
771;2017-02-09;9;Thursday;6;February;1;2017
772;2017-02-10;10;Friday;6;February;1;2017
773;2017-02-11;11;Saturday;6;February;1;2017
774;2017-02-12;12;Sunday;7;February;1;2017
775;2017-02-13;13;Monday;7;February;1;2017
776;2017-02-14;14;Tuesday;7;February;1;2017
777;2017-02-15;15;Wednesday;7;February;1;2017
778;2017-02-16;16;Thursday;7;February;1;2017
779;2017-02-17;17;Friday;7;February;1;2017
780;2017-02-18;18;Saturday;7;February;1;2017
781;2017-02-19;19;Sunday;8;February;1;2017
782;2017-02-20;20;Monday;8;February;1;2017
783;2017-02-21;21;Tuesday;8;February;1;2017
784;2017-02-22;22;Wednesday;8;February;1;2017
785;2017-02-23;23;Thursday;8;February;1;2017
786;2017-02-24;24;Friday;8;February;1;2017
787;2017-02-25;25;Saturday;8;February;1;2017
788;2017-02-26;26;Sunday;9;February;1;2017
789;2017-02-27;27;Monday;9;February;1;2017
790;2017-02-28;28;Tuesday;9;February;1;2017
791;2017-03-01;1;Wednesday;9;March;1;2017
792;2017-03-02;2;Thursday;9;March;1;2017
793;2017-03-03;3;Friday;9;March;1;2017
794;2017-03-04;4;Saturday;9;March;1;2017
795;2017-03-05;5;Sunday;10;March;1;2017
796;2017-03-06;6;Monday;10;March;1;2017
797;2017-03-07;7;Tuesday;10;March;1;2017
798;2017-03-08;8;Wednesday;10;March;1;2017
799;2017-03-09;9;Thursday;10;March;1;2017
800;2017-03-10;10;Friday;10;March;1;2017
801;2017-03-11;11;Saturday;10;March;1;2017
802;2017-03-12;12;Sunday;11;March;1;2017
803;2017-03-13;13;Monday;11;March;1;2017
804;2017-03-14;14;Tuesday;11;March;1;2017
805;2017-03-15;15;Wednesday;11;March;1;2017
806;2017-03-16;16;Thursday;11;March;1;2017
807;2017-03-17;17;Friday;11;March;1;2017
808;2017-03-18;18;Saturday;11;March;1;2017
809;2017-03-19;19;Sunday;12;March;1;2017
810;2017-03-20;20;Monday;12;March;1;2017
811;2017-03-21;21;Tuesday;12;March;1;2017
812;2017-03-22;22;Wednesday;12;March;1;2017
813;2017-03-23;23;Thursday;12;March;1;2017
814;2017-03-24;24;Friday;12;March;1;2017
815;2017-03-25;25;Saturday;12;March;1;2017
816;2017-03-26;26;Sunday;13;March;1;2017
817;2017-03-27;27;Monday;13;March;1;2017
818;2017-03-28;28;Tuesday;13;March;1;2017
819;2017-03-29;29;Wednesday;13;March;1;2017
820;2017-03-30;30;Thursday;13;March;1;2017
821;2017-03-31;31;Friday;13;March;1;2017
822;2017-04-01;1;Saturday;13;April;2;2017
823;2017-04-02;2;Sunday;14;April;2;2017
824;2017-04-03;3;Monday;14;April;2;2017
825;2017-04-04;4;Tuesday;14;April;2;2017
826;2017-04-05;5;Wednesday;14;April;2;2017
827;2017-04-06;6;Thursday;14;April;2;2017
828;2017-04-07;7;Friday;14;April;2;2017
829;2017-04-08;8;Saturday;14;April;2;2017
830;2017-04-09;9;Sunday;15;April;2;2017
831;2017-04-10;10;Monday;15;April;2;2017
832;2017-04-11;11;Tuesday;15;April;2;2017
833;2017-04-12;12;Wednesday;15;April;2;2017
834;2017-04-13;13;Thursday;15;April;2;2017
835;2017-04-14;14;Friday;15;April;2;2017
836;2017-04-15;15;Saturday;15;April;2;2017
837;2017-04-16;16;Sunday;16;April;2;2017
838;2017-04-17;17;Monday;16;April;2;2017
839;2017-04-18;18;Tuesday;16;April;2;2017
840;2017-04-19;19;Wednesday;16;April;2;2017
841;2017-04-20;20;Thursday;16;April;2;2017
842;2017-04-21;21;Friday;16;April;2;2017
843;2017-04-22;22;Saturday;16;April;2;2017
844;2017-04-23;23;Sunday;17;April;2;2017
845;2017-04-24;24;Monday;17;April;2;2017
846;2017-04-25;25;Tuesday;17;April;2;2017
847;2017-04-26;26;Wednesday;17;April;2;2017
848;2017-04-27;27;Thursday;17;April;2;2017
849;2017-04-28;28;Friday;17;April;2;2017
850;2017-04-29;29;Saturday;17;April;2;2017
851;2017-04-30;30;Sunday;18;April;2;2017
852;2017-05-01;1;Monday;18;May;2;2017
853;2017-05-02;2;Tuesday;18;May;2;2017
854;2017-05-03;3;Wednesday;18;May;2;2017
855;2017-05-04;4;Thursday;18;May;2;2017
856;2017-05-05;5;Friday;18;May;2;2017
857;2017-05-06;6;Saturday;18;May;2;2017
858;2017-05-07;7;Sunday;19;May;2;2017
859;2017-05-08;8;Monday;19;May;2;2017
860;2017-05-09;9;Tuesday;19;May;2;2017
861;2017-05-10;10;Wednesday;19;May;2;2017
862;2017-05-11;11;Thursday;19;May;2;2017
863;2017-05-12;12;Friday;19;May;2;2017
864;2017-05-13;13;Saturday;19;May;2;2017
865;2017-05-14;14;Sunday;20;May;2;2017
866;2017-05-15;15;Monday;20;May;2;2017
867;2017-05-16;16;Tuesday;20;May;2;2017
868;2017-05-17;17;Wednesday;20;May;2;2017
869;2017-05-18;18;Thursday;20;May;2;2017
870;2017-05-19;19;Friday;20;May;2;2017
871;2017-05-20;20;Saturday;20;May;2;2017
872;2017-05-21;21;Sunday;21;May;2;2017
873;2017-05-22;22;Monday;21;May;2;2017
874;2017-05-23;23;Tuesday;21;May;2;2017
875;2017-05-24;24;Wednesday;21;May;2;2017
876;2017-05-25;25;Thursday;21;May;2;2017
877;2017-05-26;26;Friday;21;May;2;2017
878;2017-05-27;27;Saturday;21;May;2;2017
879;2017-05-28;28;Sunday;22;May;2;2017
880;2017-05-29;29;Monday;22;May;2;2017
881;2017-05-30;30;Tuesday;22;May;2;2017
882;2017-05-31;31;Wednesday;22;May;2;2017
883;2017-06-01;1;Thursday;22;June;2;2017
884;2017-06-02;2;Friday;22;June;2;2017
885;2017-06-03;3;Saturday;22;June;2;2017
886;2017-06-04;4;Sunday;23;June;2;2017
887;2017-06-05;5;Monday;23;June;2;2017
888;2017-06-06;6;Tuesday;23;June;2;2017
889;2017-06-07;7;Wednesday;23;June;2;2017
890;2017-06-08;8;Thursday;23;June;2;2017
891;2017-06-09;9;Friday;23;June;2;2017
892;2017-06-10;10;Saturday;23;June;2;2017
893;2017-06-11;11;Sunday;24;June;2;2017
894;2017-06-12;12;Monday;24;June;2;2017
895;2017-06-13;13;Tuesday;24;June;2;2017
896;2017-06-14;14;Wednesday;24;June;2;2017
897;2017-06-15;15;Thursday;24;June;2;2017
898;2017-06-16;16;Friday;24;June;2;2017
899;2017-06-17;17;Saturday;24;June;2;2017
900;2017-06-18;18;Sunday;25;June;2;2017
901;2017-06-19;19;Monday;25;June;2;2017
902;2017-06-20;20;Tuesday;25;June;2;2017
903;2017-06-21;21;Wednesday;25;June;2;2017
904;2017-06-22;22;Thursday;25;June;2;2017
905;2017-06-23;23;Friday;25;June;2;2017
906;2017-06-24;24;Saturday;25;June;2;2017
907;2017-06-25;25;Sunday;26;June;2;2017
908;2017-06-26;26;Monday;26;June;2;2017
909;2017-06-27;27;Tuesday;26;June;2;2017
910;2017-06-28;28;Wednesday;26;June;2;2017
911;2017-06-29;29;Thursday;26;June;2;2017
912;2017-06-30;30;Friday;26;June;2;2017
913;2017-07-01;1;Saturday;26;July;3;2017
914;2017-07-02;2;Sunday;27;July;3;2017
915;2017-07-03;3;Monday;27;July;3;2017
916;2017-07-04;4;Tuesday;27;July;3;2017
917;2017-07-05;5;Wednesday;27;July;3;2017
918;2017-07-06;6;Thursday;27;July;3;2017
919;2017-07-07;7;Friday;27;July;3;2017
920;2017-07-08;8;Saturday;27;July;3;2017
921;2017-07-09;9;Sunday;28;July;3;2017
922;2017-07-10;10;Monday;28;July;3;2017
923;2017-07-11;11;Tuesday;28;July;3;2017
924;2017-07-12;12;Wednesday;28;July;3;2017
925;2017-07-13;13;Thursday;28;July;3;2017
926;2017-07-14;14;Friday;28;July;3;2017
927;2017-07-15;15;Saturday;28;July;3;2017
928;2017-07-16;16;Sunday;29;July;3;2017
929;2017-07-17;17;Monday;29;July;3;2017
930;2017-07-18;18;Tuesday;29;July;3;2017
931;2017-07-19;19;Wednesday;29;July;3;2017
932;2017-07-20;20;Thursday;29;July;3;2017
933;2017-07-21;21;Friday;29;July;3;2017
934;2017-07-22;22;Saturday;29;July;3;2017
935;2017-07-23;23;Sunday;30;July;3;2017
936;2017-07-24;24;Monday;30;July;3;2017
937;2017-07-25;25;Tuesday;30;July;3;2017
938;2017-07-26;26;Wednesday;30;July;3;2017
939;2017-07-27;27;Thursday;30;July;3;2017
940;2017-07-28;28;Friday;30;July;3;2017
941;2017-07-29;29;Saturday;30;July;3;2017
942;2017-07-30;30;Sunday;31;July;3;2017
943;2017-07-31;31;Monday;31;July;3;2017
944;2017-08-01;1;Tuesday;31;August;3;2017
945;2017-08-02;2;Wednesday;31;August;3;2017
946;2017-08-03;3;Thursday;31;August;3;2017
947;2017-08-04;4;Friday;31;August;3;2017
948;2017-08-05;5;Saturday;31;August;3;2017
949;2017-08-06;6;Sunday;32;August;3;2017
950;2017-08-07;7;Monday;32;August;3;2017
951;2017-08-08;8;Tuesday;32;August;3;2017
952;2017-08-09;9;Wednesday;32;August;3;2017
953;2017-08-10;10;Thursday;32;August;3;2017
954;2017-08-11;11;Friday;32;August;3;2017
955;2017-08-12;12;Saturday;32;August;3;2017
956;2017-08-13;13;Sunday;33;August;3;2017
957;2017-08-14;14;Monday;33;August;3;2017
958;2017-08-15;15;Tuesday;33;August;3;2017
959;2017-08-16;16;Wednesday;33;August;3;2017
960;2017-08-17;17;Thursday;33;August;3;2017
961;2017-08-18;18;Friday;33;August;3;2017
962;2017-08-19;19;Saturday;33;August;3;2017
963;2017-08-20;20;Sunday;34;August;3;2017
964;2017-08-21;21;Monday;34;August;3;2017
965;2017-08-22;22;Tuesday;34;August;3;2017
966;2017-08-23;23;Wednesday;34;August;3;2017
967;2017-08-24;24;Thursday;34;August;3;2017
968;2017-08-25;25;Friday;34;August;3;2017
969;2017-08-26;26;Saturday;34;August;3;2017
970;2017-08-27;27;Sunday;35;August;3;2017
971;2017-08-28;28;Monday;35;August;3;2017
972;2017-08-29;29;Tuesday;35;August;3;2017
973;2017-08-30;30;Wednesday;35;August;3;2017
974;2017-08-31;31;Thursday;35;August;3;2017
975;2017-09-01;1;Friday;35;September;3;2017
976;2017-09-02;2;Saturday;35;September;3;2017
977;2017-09-03;3;Sunday;36;September;3;2017
978;2017-09-04;4;Monday;36;September;3;2017
979;2017-09-05;5;Tuesday;36;September;3;2017
980;2017-09-06;6;Wednesday;36;September;3;2017
981;2017-09-07;7;Thursday;36;September;3;2017
982;2017-09-08;8;Friday;36;September;3;2017
983;2017-09-09;9;Saturday;36;September;3;2017
984;2017-09-10;10;Sunday;37;September;3;2017
985;2017-09-11;11;Monday;37;September;3;2017
986;2017-09-12;12;Tuesday;37;September;3;2017
987;2017-09-13;13;Wednesday;37;September;3;2017
988;2017-09-14;14;Thursday;37;September;3;2017
989;2017-09-15;15;Friday;37;September;3;2017
990;2017-09-16;16;Saturday;37;September;3;2017
991;2017-09-17;17;Sunday;38;September;3;2017
992;2017-09-18;18;Monday;38;September;3;2017
993;2017-09-19;19;Tuesday;38;September;3;2017
994;2017-09-20;20;Wednesday;38;September;3;2017
995;2017-09-21;21;Thursday;38;September;3;2017
996;2017-09-22;22;Friday;38;September;3;2017
997;2017-09-23;23;Saturday;38;September;3;2017
998;2017-09-24;24;Sunday;39;September;3;2017
999;2017-09-25;25;Monday;39;September;3;2017
1000;2017-09-26;26;Tuesday;39;September;3;2017
1001;2017-09-27;27;Wednesday;39;September;3;2017
1002;2017-09-28;28;Thursday;39;September;3;2017
1003;2017-09-29;29;Friday;39;September;3;2017
1004;2017-09-30;30;Saturday;39;September;3;2017
1005;2017-10-01;1;Sunday;40;October;4;2017
1006;2017-10-02;2;Monday;40;October;4;2017
1007;2017-10-03;3;Tuesday;40;October;4;2017
1008;2017-10-04;4;Wednesday;40;October;4;2017
1009;2017-10-05;5;Thursday;40;October;4;2017
1010;2017-10-06;6;Friday;40;October;4;2017
1011;2017-10-07;7;Saturday;40;October;4;2017
1012;2017-10-08;8;Sunday;41;October;4;2017
1013;2017-10-09;9;Monday;41;October;4;2017
1014;2017-10-10;10;Tuesday;41;October;4;2017
1015;2017-10-11;11;Wednesday;41;October;4;2017
1016;2017-10-12;12;Thursday;41;October;4;2017
1017;2017-10-13;13;Friday;41;October;4;2017
1018;2017-10-14;14;Saturday;41;October;4;2017
1019;2017-10-15;15;Sunday;42;October;4;2017
1020;2017-10-16;16;Monday;42;October;4;2017
1021;2017-10-17;17;Tuesday;42;October;4;2017
1022;2017-10-18;18;Wednesday;42;October;4;2017
1023;2017-10-19;19;Thursday;42;October;4;2017
1024;2017-10-20;20;Friday;42;October;4;2017
1025;2017-10-21;21;Saturday;42;October;4;2017
1026;2017-10-22;22;Sunday;43;October;4;2017
1027;2017-10-23;23;Monday;43;October;4;2017
1028;2017-10-24;24;Tuesday;43;October;4;2017
1029;2017-10-25;25;Wednesday;43;October;4;2017
1030;2017-10-26;26;Thursday;43;October;4;2017
1031;2017-10-27;27;Friday;43;October;4;2017
1032;2017-10-28;28;Saturday;43;October;4;2017
1033;2017-10-29;29;Sunday;44;October;4;2017
1034;2017-10-30;30;Monday;44;October;4;2017
1035;2017-10-31;31;Tuesday;44;October;4;2017
1036;2017-11-01;1;Wednesday;44;November;4;2017
1037;2017-11-02;2;Thursday;44;November;4;2017
1038;2017-11-03;3;Friday;44;November;4;2017
1039;2017-11-04;4;Saturday;44;November;4;2017
1040;2017-11-05;5;Sunday;45;November;4;2017
1041;2017-11-06;6;Monday;45;November;4;2017
1042;2017-11-07;7;Tuesday;45;November;4;2017
1043;2017-11-08;8;Wednesday;45;November;4;2017
1044;2017-11-09;9;Thursday;45;November;4;2017
1045;2017-11-10;10;Friday;45;November;4;2017
1046;2017-11-11;11;Saturday;45;November;4;2017
1047;2017-11-12;12;Sunday;46;November;4;2017
1048;2017-11-13;13;Monday;46;November;4;2017
1049;2017-11-14;14;Tuesday;46;November;4;2017
1050;2017-11-15;15;Wednesday;46;November;4;2017
1051;2017-11-16;16;Thursday;46;November;4;2017
1052;2017-11-17;17;Friday;46;November;4;2017
1053;2017-11-18;18;Saturday;46;November;4;2017
1054;2017-11-19;19;Sunday;47;November;4;2017
1055;2017-11-20;20;Monday;47;November;4;2017
1056;2017-11-21;21;Tuesday;47;November;4;2017
1057;2017-11-22;22;Wednesday;47;November;4;2017
1058;2017-11-23;23;Thursday;47;November;4;2017
1059;2017-11-24;24;Friday;47;November;4;2017
1060;2017-11-25;25;Saturday;47;November;4;2017
1061;2017-11-26;26;Sunday;48;November;4;2017
1062;2017-11-27;27;Monday;48;November;4;2017
1063;2017-11-28;28;Tuesday;48;November;4;2017
1064;2017-11-29;29;Wednesday;48;November;4;2017
1065;2017-11-30;30;Thursday;48;November;4;2017
1066;2017-12-01;1;Friday;48;December;4;2017
1067;2017-12-02;2;Saturday;48;December;4;2017
1068;2017-12-03;3;Sunday;49;December;4;2017
1069;2017-12-04;4;Monday;49;December;4;2017
1070;2017-12-05;5;Tuesday;49;December;4;2017
1071;2017-12-06;6;Wednesday;49;December;4;2017
1072;2017-12-07;7;Thursday;49;December;4;2017
1073;2017-12-08;8;Friday;49;December;4;2017
1074;2017-12-09;9;Saturday;49;December;4;2017
1075;2017-12-10;10;Sunday;50;December;4;2017
1076;2017-12-11;11;Monday;50;December;4;2017
1077;2017-12-12;12;Tuesday;50;December;4;2017
1078;2017-12-13;13;Wednesday;50;December;4;2017
1079;2017-12-14;14;Thursday;50;December;4;2017
1080;2017-12-15;15;Friday;50;December;4;2017
1081;2017-12-16;16;Saturday;50;December;4;2017
1082;2017-12-17;17;Sunday;51;December;4;2017
1083;2017-12-18;18;Monday;51;December;4;2017
1084;2017-12-19;19;Tuesday;51;December;4;2017
1085;2017-12-20;20;Wednesday;51;December;4;2017
1086;2017-12-21;21;Thursday;51;December;4;2017
1087;2017-12-22;22;Friday;51;December;4;2017
1088;2017-12-23;23;Saturday;51;December;4;2017
1089;2017-12-24;24;Sunday;52;December;4;2017
1090;2017-12-25;25;Monday;52;December;4;2017
1091;2017-12-26;26;Tuesday;52;December;4;2017
1092;2017-12-27;27;Wednesday;52;December;4;2017
1093;2017-12-28;28;Thursday;52;December;4;2017
1094;2017-12-29;29;Friday;52;December;4;2017
1095;2017-12-30;30;Saturday;52;December;4;2017
1096;2017-12-31;31;Sunday;53;December;4;2017